experience_id,employee_id,previous_company,previous_role,years_of_experience,industry_background
1,1001,Karya Inovasi,Backend Developer,11.1,Consulting
2,1002,Citra Digital,Research Assistant,3.9,Media
3,1003,Fokus Sejahtera,Business Analyst,13.7,Media
4,1004,Damai Sentosa,Sales Executive,6.6,Retail
5,1005,Anugerah Konsultindo,Content Specialist,9.2,Education
6,1006,Indo Logistik,Customer Service Officer,16.8,Technology
7,1007,Sinergi Solusi,Treasury Analyst,14.7,Healthcare
8,1008,Jaya Abadi,HR Staff,9.2,Government
9,1009,Anugerah Konsultindo,Logistics Coordinator,12.9,Government
10,1010,Damai Sentosa,Compliance Officer,15.2,Healthcare
11,1011,University (Graduate),Recruiter,7.8,Healthcare
12,1012,Inti Mandiri,Frontend Developer,3.6,Banking
13,1013,Anugerah Konsultindo,Logistics Coordinator,2.4,Media
14,1014,Eka Pratama,Operations Staff,13.9,Retail
15,1015,University (Graduate),Research Assistant,0.0,Media
16,1016,Inti Mandiri,Account Executive,9.7,Government
17,1017,Eka Pratama,Account Executive,1.0,Media
18,1018,University (Graduate),Research Assistant,0.0,Manufacturing
19,1019,Garuda Retail,Associate PM,4.3,Healthcare
20,1020,University (Graduate),Research Assistant,0.0,Logistics
21,1021,Eka Pratama,Logistics Coordinator,21.4,Healthcare
22,1022,Bumi Manufaktur,Account Executive,1.1,Logistics
23,1023,Bumi Manufaktur,Content Specialist,14.5,Logistics
24,1024,Indo Logistik,Software Engineer,3.5,Technology
25,1025,Gemilang Teknologi,Brand Associate,9.1,Media
26,1026,University (Graduate),Research Assistant,0.0,Retail
27,1027,Harapan Bersama,Customer Service Officer,8.4,Consulting
28,1028,Karya Inovasi,BI Developer,1.0,Technology
29,1029,Eka Pratama,HR Assistant,3.1,Manufacturing
30,1030,Berkah Niaga,Marketing Coordinator,13.8,Banking
31,1031,Garuda Retail,Frontend Developer,10.3,Logistics
32,1032,Gemilang Teknologi,CS Specialist,3.9,Government
33,1033,Garuda Retail,Marketing Coordinator,19.0,Retail
34,1034,Garuda Retail,Backend Developer,10.3,Technology
35,1035,Andalan Media,Software Engineer,19.1,Logistics
36,1036,TechMandiri,Software Engineer,21.0,Banking
37,1037,Bank Nusantara,Recruiter,0.7,Consulting
38,1038,Harapan Bersama,Junior Data Scientist,4.3,Technology
39,1039,University (Graduate),Research Assistant,0.0,Manufacturing
40,1040,TechMandiri,CS Specialist,4.4,Retail
41,1041,Inti Mandiri,Sales Executive,4.7,Technology
42,1042,Bank Nusantara,Sales Coordinator,4.9,Healthcare
43,1043,Karya Inovasi,Brand Associate,1.7,Healthcare
44,1044,Damai Sentosa,Business Analyst,2.0,Media
45,1045,Eka Pratama,Marketing Coordinator,2.5,Government
46,1046,Garuda Retail,Sales Coordinator,8.6,Media
47,1047,Damai Sentosa,Junior Accountant,2.4,Banking
48,1048,Damai Sentosa,Junior Data Scientist,10.0,Education
49,1049,Andalan Media,Compliance Officer,14.0,Technology
50,1050,Bank Nusantara,Junior Data Scientist,3.7,Banking
51,1051,Sinergi Solusi,Brand Associate,11.4,Logistics
52,1052,University (Graduate),Research Assistant,0.0,Technology
53,1053,TechMandiri,Sales Coordinator,3.7,Healthcare
54,1054,Citra Digital,Software Engineer,2.6,Media
55,1055,Andalan Media,Frontend Developer,15.0,Logistics
56,1056,Andalan Media,Data Analyst,7.2,Retail
57,1057,Berkah Niaga,Account Executive,7.3,Consulting
58,1058,Andalan Media,Account Executive,3.8,Technology
59,1059,University (Graduate),Software Engineer,3.1,Consulting
60,1060,Eka Pratama,Software Engineer,1.7,Retail
61,1061,Garuda Retail,Sales Coordinator,5.2,Logistics
62,1062,Sinergi Solusi,Account Executive,5.7,Consulting
63,1063,Eka Pratama,Treasury Analyst,2.8,Technology
64,1064,Eka Pratama,UX Researcher,10.1,Logistics
65,1065,Fokus Sejahtera,HR Assistant,3.0,Government
66,1066,University (Graduate),Research Assistant,0.0,Media
67,1067,Berkah Niaga,Account Executive,5.4,Government
68,1068,Bank Nusantara,Brand Associate,9.8,Government
69,1069,Andalan Media,Content Specialist,21.2,Education
70,1070,Kreasi Prima,Software Engineer,2.4,Media
71,1071,Kreasi Prima,Operations Staff,13.1,Retail
72,1072,Fokus Sejahtera,UX Researcher,6.5,Healthcare
73,1073,Eka Pratama,Backend Developer,0.8,Retail
74,1074,Berkah Niaga,Frontend Developer,7.8,Logistics
75,1075,Anugerah Konsultindo,Frontend Developer,17.1,Manufacturing
76,1076,Garuda Retail,Brand Associate,2.7,Government
77,1077,Damai Sentosa,Software Engineer,13.9,Consulting
78,1078,Karya Inovasi,Customer Service Officer,4.4,Government
79,1079,Damai Sentosa,Sales Executive,3.0,Media
80,1080,Anugerah Konsultindo,Sales Executive,2.8,Consulting
81,1081,Andalan Media,Frontend Developer,22.2,Manufacturing
82,1082,Indo Logistik,Treasury Analyst,3.2,Technology
83,1083,Sinergi Solusi,Customer Service Officer,3.4,Retail
84,1084,University (Graduate),Research Assistant,0.0,Education
85,1085,Citra Digital,Operations Staff,4.2,Media
86,1086,Karya Inovasi,CS Specialist,2.2,Banking
87,1087,Indo Logistik,Sales Coordinator,2.7,Healthcare
88,1088,Anugerah Konsultindo,Frontend Developer,2.0,Government
89,1089,Eka Pratama,Content Specialist,9.2,Education
90,1090,TechMandiri,Account Coordinator,7.1,Logistics
91,1091,Jaya Abadi,Frontend Developer,1.9,Government
92,1092,Kreasi Prima,HR Assistant,5.2,Technology
93,1093,Inti Mandiri,Marketing Coordinator,6.4,Retail
94,1094,Garuda Retail,Account Executive,9.2,Technology
95,1095,Kreasi Prima,Treasury Analyst,0.9,Retail
96,1096,Karya Inovasi,Sales Coordinator,2.9,Government
97,1097,Fokus Sejahtera,Paralegal,13.0,Education
98,1098,University (Graduate),Research Assistant,0.0,Logistics
99,1099,Damai Sentosa,Frontend Developer,6.6,Technology
100,1100,TechMandiri,Operations Staff,21.3,Retail
101,1101,Jaya Abadi,Sales Coordinator,5.0,Logistics
102,1102,Eka Pratama,Account Executive,3.1,Logistics
103,1103,Bumi Manufaktur,Account Coordinator,9.3,Healthcare
104,1104,TechMandiri,Data Analyst,2.2,Media
105,1105,Bank Nusantara,Marketing Coordinator,7.3,Education
106,1106,University (Graduate),Frontend Developer,9.9,Media
107,1107,Citra Digital,Customer Service Officer,1.2,Retail
108,1108,Bank Nusantara,DevOps Engineer,5.5,Retail
109,1109,TechMandiri,Sales Executive,6.5,Media
110,1110,Karya Inovasi,Backend Developer,24.2,Retail
111,1111,Bumi Manufaktur,Junior Accountant,10.5,Education
112,1112,Gemilang Teknologi,Frontend Developer,11.9,Banking
113,1113,Harapan Bersama,Sales Executive,2.9,Government
114,1114,University (Graduate),Research Assistant,0.2,Technology
115,1115,Karya Inovasi,Sales Coordinator,8.1,Media
116,1116,Berkah Niaga,Operations Staff,3.4,Technology
117,1117,University (Graduate),Research Assistant,0.0,Logistics
118,1118,University (Graduate),Software Engineer,0.6,Logistics
119,1119,Anugerah Konsultindo,Sales Executive,1.2,Retail
120,1120,Indo Logistik,Data Analyst,4.9,Manufacturing
121,1121,Harapan Bersama,Content Specialist,3.6,Banking
122,1122,University (Graduate),Research Assistant,0.0,Media
123,1123,Indo Logistik,Business Analyst,8.0,Consulting
124,1124,Sinergi Solusi,Logistics Coordinator,10.5,Government
125,1125,TechMandiri,DevOps Engineer,2.2,Healthcare
126,1126,University (Graduate),Research Assistant,0.0,Government
127,1127,University (Graduate),Finance Staff,8.8,Government
128,1128,Inti Mandiri,Account Executive,4.9,Retail
129,1129,Kreasi Prima,HR Staff,4.9,Banking
130,1130,Bumi Manufaktur,Operations Staff,18.2,Consulting
131,1131,Citra Digital,Account Executive,1.9,Logistics
132,1132,Jaya Abadi,Sales Coordinator,3.8,Logistics
133,1133,University (Graduate),Research Assistant,0.0,Education
134,1134,Jaya Abadi,Brand Associate,17.5,Healthcare
135,1135,Sinergi Solusi,Software Engineer,4.8,Retail
136,1136,Garuda Retail,Junior Data Scientist,1.2,Consulting
137,1137,Bumi Manufaktur,Associate PM,13.3,Retail
138,1138,University (Graduate),Research Assistant,0.2,Manufacturing
139,1139,Bank Nusantara,Backend Developer,19.0,Government
140,1140,Jaya Abadi,Customer Service Officer,2.6,Healthcare
141,1141,Harapan Bersama,Frontend Developer,1.6,Consulting
142,1142,Fokus Sejahtera,Frontend Developer,0.6,Government
143,1143,Karya Inovasi,Account Coordinator,1.1,Logistics
144,1144,Karya Inovasi,Sales Executive,5.2,Logistics
145,1145,TechMandiri,Backend Developer,2.8,Technology
146,1146,Anugerah Konsultindo,Sales Coordinator,6.7,Healthcare
147,1147,Garuda Retail,Account Executive,9.1,Government
148,1148,Inti Mandiri,Backend Developer,3.2,Retail
149,1149,University (Graduate),Junior Data Scientist,4.2,Technology
150,1150,Damai Sentosa,Sales Executive,3.8,Healthcare
151,1151,Bank Nusantara,CS Specialist,15.1,Healthcare
152,1152,University (Graduate),Research Assistant,0.0,Consulting
153,1153,Harapan Bersama,Marketing Coordinator,16.0,Government
154,1154,Citra Digital,Software Engineer,5.8,Logistics
155,1155,University (Graduate),Research Assistant,0.0,Healthcare
156,1156,Inti Mandiri,Data Analyst,1.0,Media
157,1157,Citra Digital,Operations Staff,7.9,Manufacturing
158,1158,Citra Digital,Associate PM,10.9,Education
159,1159,TechMandiri,Finance Staff,3.8,Retail
160,1160,Gemilang Teknologi,Software Engineer,16.0,Media
161,1161,University (Graduate),Account Executive,0.7,Logistics
162,1162,Kreasi Prima,Compliance Officer,5.4,Education
163,1163,Bank Nusantara,Research Assistant,2.8,Banking
164,1164,Inti Mandiri,Account Executive,4.6,Government
165,1165,Karya Inovasi,Treasury Analyst,4.3,Retail
166,1166,Anugerah Konsultindo,Treasury Analyst,5.0,Manufacturing
167,1167,Jaya Abadi,Operations Staff,8.9,Technology
168,1168,Bumi Manufaktur,Junior Data Scientist,2.6,Government
169,1169,Jaya Abadi,Account Executive,6.2,Media
170,1170,Inti Mandiri,Account Coordinator,3.8,Logistics
171,1171,Anugerah Konsultindo,Account Executive,1.5,Media
172,1172,Anugerah Konsultindo,Frontend Developer,2.8,Logistics
173,1173,Garuda Retail,Sales Executive,2.0,Technology
174,1174,Indo Logistik,Associate PM,8.3,Logistics
175,1175,Inti Mandiri,Logistics Coordinator,17.0,Media
176,1176,Gemilang Teknologi,Software Engineer,4.0,Government
177,1177,Berkah Niaga,CS Specialist,11.2,Retail
178,1178,Andalan Media,Frontend Developer,7.1,Banking
179,1179,Inti Mandiri,Research Assistant,3.5,Manufacturing
180,1180,Damai Sentosa,Business Analyst,6.6,Consulting
181,1181,University (Graduate),Research Assistant,0.0,Logistics
182,1182,Jaya Abadi,Treasury Analyst,2.4,Technology
183,1183,Andalan Media,CS Specialist,1.6,Government
184,1184,Anugerah Konsultindo,Customer Service Officer,9.4,Banking
185,1185,Bank Nusantara,Account Coordinator,3.3,Technology
186,1186,Kreasi Prima,Sales Coordinator,2.5,Banking
187,1187,Jaya Abadi,Account Coordinator,10.1,Retail
188,1188,Karya Inovasi,Brand Associate,13.4,Media
189,1189,Bank Nusantara,Software Engineer,2.5,Technology
190,1190,University (Graduate),Research Assistant,0.0,Healthcare
191,1191,Fokus Sejahtera,Sales Coordinator,3.6,Banking
192,1192,University (Graduate),Research Assistant,0.0,Banking
193,1193,Karya Inovasi,Frontend Developer,6.3,Government
194,1194,Gemilang Teknologi,HR Assistant,10.3,Manufacturing
195,1195,Damai Sentosa,Operations Staff,4.9,Healthcare
196,1196,Berkah Niaga,Backend Developer,3.2,Manufacturing
197,1197,Damai Sentosa,Brand Associate,11.8,Banking
198,1198,Damai Sentosa,Marketing Coordinator,21.2,Consulting
199,1199,Garuda Retail,Operations Staff,6.6,Consulting
200,1200,Sinergi Solusi,Junior Accountant,3.0,Consulting
201,1201,Citra Digital,DevOps Engineer,1.1,Technology
202,1202,Berkah Niaga,Software Engineer,9.0,Healthcare
203,1203,TechMandiri,DevOps Engineer,12.0,Logistics
204,1204,Inti Mandiri,Finance Staff,2.5,Consulting
205,1205,Harapan Bersama,HR Staff,7.2,Media
206,1206,Bumi Manufaktur,Research Assistant,4.6,Education
207,1207,Citra Digital,Junior Accountant,4.9,Logistics
208,1208,Sinergi Solusi,Paralegal,6.8,Technology
209,1209,University (Graduate),Junior Accountant,3.9,Media
210,1210,Kreasi Prima,DevOps Engineer,1.9,Education
211,1211,Indo Logistik,DevOps Engineer,5.6,Manufacturing
212,1212,Bank Nusantara,CS Specialist,0.8,Healthcare
213,1213,Bank Nusantara,BI Developer,6.1,Manufacturing
214,1214,Kreasi Prima,Sales Executive,4.2,Media
215,1215,Kreasi Prima,DevOps Engineer,3.8,Government
216,1216,Fokus Sejahtera,Frontend Developer,2.4,Technology
217,1217,Berkah Niaga,DevOps Engineer,4.0,Media
218,1218,Bumi Manufaktur,BI Developer,4.2,Logistics
219,1219,Citra Digital,Account Executive,3.9,Manufacturing
220,1220,Indo Logistik,UX Researcher,9.0,Consulting
221,1221,University (Graduate),Compliance Officer,7.9,Technology
222,1222,University (Graduate),Sales Executive,4.7,Technology
223,1223,Jaya Abadi,Software Engineer,7.3,Retail
224,1224,Jaya Abadi,Account Executive,1.4,Consulting
225,1225,Anugerah Konsultindo,UX Researcher,12.2,Manufacturing
226,1226,Anugerah Konsultindo,Marketing Coordinator,8.7,Retail
227,1227,Sinergi Solusi,Sales Coordinator,3.6,Education
228,1228,University (Graduate),Software Engineer,13.8,Technology
229,1229,Bumi Manufaktur,Software Engineer,7.5,Banking
230,1230,Gemilang Teknologi,Brand Associate,1.5,Education
231,1231,Anugerah Konsultindo,Sales Coordinator,6.9,Retail
232,1232,Andalan Media,HR Staff,3.1,Education
233,1233,Anugerah Konsultindo,Software Engineer,7.7,Technology
234,1234,Eka Pratama,Account Coordinator,0.9,Logistics
235,1235,Indo Logistik,Recruiter,0.7,Government
236,1236,Eka Pratama,HR Assistant,6.7,Government
237,1237,Bumi Manufaktur,Sales Coordinator,2.6,Logistics
238,1238,Fokus Sejahtera,DevOps Engineer,5.1,Media
239,1239,Gemilang Teknologi,Account Executive,1.1,Media
240,1240,Andalan Media,Software Engineer,4.6,Logistics
241,1241,Gemilang Teknologi,Brand Associate,3.7,Retail
242,1242,University (Graduate),Research Assistant,0.0,Retail
243,1243,TechMandiri,Data Analyst,5.1,Media
244,1244,Karya Inovasi,CS Specialist,4.8,Education
245,1245,University (Graduate),Research Assistant,0.0,Consulting
246,1246,Fokus Sejahtera,DevOps Engineer,14.2,Consulting
247,1247,Citra Digital,DevOps Engineer,18.2,Consulting
248,1248,Bank Nusantara,Sales Executive,3.4,Manufacturing
249,1249,Kreasi Prima,Marketing Coordinator,14.5,Manufacturing
250,1250,Gemilang Teknologi,Junior Accountant,6.3,Manufacturing
251,1251,Bumi Manufaktur,Account Executive,0.9,Consulting
252,1252,Indo Logistik,Brand Associate,2.7,Banking
253,1253,Citra Digital,DevOps Engineer,11.1,Banking
254,1254,Harapan Bersama,Backend Developer,4.4,Consulting
255,1255,University (Graduate),Research Assistant,0.0,Retail
256,1256,Garuda Retail,Brand Associate,12.2,Education
257,1257,TechMandiri,Account Coordinator,8.0,Education
258,1258,Fokus Sejahtera,Content Specialist,3.4,Technology
259,1259,University (Graduate),Research Assistant,0.0,Healthcare
260,1260,Garuda Retail,HR Assistant,8.8,Banking
261,1261,Kreasi Prima,DevOps Engineer,11.7,Banking
262,1262,Gemilang Teknologi,Sales Coordinator,3.9,Technology
263,1263,Karya Inovasi,Sales Coordinator,5.6,Banking
264,1264,Indo Logistik,Research Assistant,9.6,Logistics
265,1265,Bank Nusantara,Content Specialist,14.7,Retail
266,1266,TechMandiri,Recruiter,5.1,Consulting
267,1267,Eka Pratama,Finance Staff,3.4,Consulting
268,1268,Bumi Manufaktur,Data Analyst,2.3,Media
269,1269,University (Graduate),Research Assistant,0.0,Retail
270,1270,Indo Logistik,Treasury Analyst,7.5,Healthcare
271,1271,Jaya Abadi,Logistics Coordinator,16.3,Government
272,1272,Bank Nusantara,Finance Staff,12.3,Banking
273,1273,Gemilang Teknologi,Marketing Coordinator,1.7,Media
274,1274,Kreasi Prima,Account Coordinator,7.5,Media
275,1275,Anugerah Konsultindo,Treasury Analyst,6.1,Logistics
276,1276,Eka Pratama,HR Assistant,5.3,Logistics
277,1277,Damai Sentosa,Finance Staff,3.6,Media
278,1278,Anugerah Konsultindo,Content Specialist,9.2,Banking
279,1279,Inti Mandiri,Associate PM,5.4,Media
280,1280,Citra Digital,Sales Coordinator,2.5,Logistics
281,1281,Fokus Sejahtera,Sales Executive,8.4,Retail
282,1282,University (Graduate),Research Assistant,0.0,Retail
283,1283,University (Graduate),Marketing Coordinator,22.8,Manufacturing
284,1284,Kreasi Prima,Junior Accountant,2.2,Technology
285,1285,Damai Sentosa,Marketing Coordinator,16.0,Logistics
286,1286,Eka Pratama,Research Assistant,6.5,Consulting
287,1287,Jaya Abadi,Account Coordinator,14.7,Retail
288,1288,Karya Inovasi,Associate PM,4.8,Media
289,1289,Eka Pratama,Software Engineer,12.0,Logistics
290,1290,Karya Inovasi,Software Engineer,2.5,Manufacturing
291,1291,Citra Digital,Software Engineer,11.2,Retail
292,1292,Anugerah Konsultindo,Associate PM,1.2,Media
293,1293,Gemilang Teknologi,Sales Executive,6.8,Logistics
294,1294,Karya Inovasi,CS Specialist,9.0,Government
295,1295,Harapan Bersama,Junior Accountant,2.3,Logistics
296,1296,Citra Digital,BI Developer,0.9,Logistics
297,1297,University (Graduate),Research Assistant,0.0,Retail
298,1298,Kreasi Prima,Paralegal,3.1,Consulting
299,1299,Jaya Abadi,Software Engineer,15.3,Government
300,1300,Jaya Abadi,BI Developer,1.8,Media
301,1301,Karya Inovasi,Finance Staff,8.2,Banking
302,1302,Bank Nusantara,Treasury Analyst,6.7,Retail
303,1303,Damai Sentosa,Associate PM,13.0,Technology
304,1304,Bank Nusantara,Sales Coordinator,6.2,Retail
305,1305,University (Graduate),DevOps Engineer,6.9,Logistics
306,1306,University (Graduate),Research Assistant,0.0,Consulting
307,1307,Inti Mandiri,Paralegal,14.1,Logistics
308,1308,Fokus Sejahtera,Operations Staff,15.8,Retail
309,1309,Bumi Manufaktur,Sales Executive,3.7,Media
310,1310,Fokus Sejahtera,Account Executive,2.3,Consulting
311,1311,Karya Inovasi,Customer Service Officer,2.4,Consulting
312,1312,University (Graduate),Junior Accountant,1.2,Government
313,1313,University (Graduate),Research Assistant,0.0,Education
314,1314,Fokus Sejahtera,Finance Staff,1.4,Media
315,1315,University (Graduate),Research Assistant,0.2,Logistics
316,1316,University (Graduate),Research Assistant,0.0,Logistics
317,1317,University (Graduate),Research Assistant,0.0,Healthcare
318,1318,Berkah Niaga,Research Assistant,4.8,Education
319,1319,Anugerah Konsultindo,Backend Developer,4.7,Banking
320,1320,Damai Sentosa,Research Assistant,2.1,Media
321,1321,Garuda Retail,Treasury Analyst,2.5,Retail
322,1322,Gemilang Teknologi,Backend Developer,4.5,Government
323,1323,University (Graduate),Research Assistant,0.3,Consulting
324,1324,Citra Digital,Research Assistant,4.1,Technology
325,1325,Garuda Retail,Customer Service Officer,10.4,Education
326,1326,TechMandiri,Account Executive,3.4,Healthcare
327,1327,Eka Pratama,Account Coordinator,2.2,Manufacturing
328,1328,Citra Digital,Software Engineer,2.7,Consulting
329,1329,Andalan Media,Sales Coordinator,2.2,Retail
330,1330,Sinergi Solusi,Recruiter,5.1,Manufacturing
331,1331,Bumi Manufaktur,BI Developer,5.7,Retail
332,1332,Eka Pratama,Sales Executive,13.7,Retail
333,1333,University (Graduate),Research Assistant,0.0,Media
334,1334,Indo Logistik,Business Analyst,5.1,Technology
335,1335,Harapan Bersama,HR Staff,6.5,Logistics
336,1336,Kreasi Prima,Account Coordinator,6.7,Education
337,1337,Harapan Bersama,DevOps Engineer,7.5,Technology
338,1338,Andalan Media,Software Engineer,11.3,Logistics
339,1339,Bank Nusantara,Data Analyst,5.3,Manufacturing
340,1340,Garuda Retail,Brand Associate,3.3,Technology
341,1341,Bumi Manufaktur,Data Analyst,1.8,Manufacturing
342,1342,Gemilang Teknologi,UX Researcher,4.1,Manufacturing
343,1343,University (Graduate),Research Assistant,0.0,Technology
344,1344,Gemilang Teknologi,Logistics Coordinator,8.9,Banking
345,1345,Citra Digital,Finance Staff,10.1,Logistics
346,1346,Eka Pratama,Compliance Officer,4.4,Education
347,1347,Sinergi Solusi,HR Assistant,11.6,Retail
348,1348,Inti Mandiri,Sales Executive,3.1,Government
349,1349,Indo Logistik,Logistics Coordinator,0.8,Technology
350,1350,University (Graduate),Research Assistant,0.0,Media
351,1351,Berkah Niaga,Sales Executive,8.2,Government
352,1352,Eka Pratama,Associate PM,12.4,Technology
353,1353,University (Graduate),Research Assistant,0.0,Retail
354,1354,Berkah Niaga,DevOps Engineer,1.3,Logistics
355,1355,Kreasi Prima,Operations Staff,12.5,Media
356,1356,University (Graduate),Research Assistant,0.0,Consulting
357,1357,Anugerah Konsultindo,Junior Accountant,10.7,Healthcare
358,1358,Bank Nusantara,Logistics Coordinator,18.7,Healthcare
359,1359,Garuda Retail,Sales Coordinator,7.6,Government
360,1360,Damai Sentosa,Account Executive,14.4,Healthcare
361,1361,University (Graduate),Research Assistant,0.3,Media
362,1362,University (Graduate),Research Assistant,0.0,Banking
363,1363,Sinergi Solusi,DevOps Engineer,15.8,Healthcare
364,1364,Citra Digital,DevOps Engineer,2.4,Education
365,1365,Indo Logistik,Marketing Coordinator,11.3,Healthcare
366,1366,Gemilang Teknologi,Customer Service Officer,3.1,Education
367,1367,Gemilang Teknologi,Sales Executive,7.3,Healthcare
368,1368,Bumi Manufaktur,Sales Coordinator,5.6,Banking
369,1369,Kreasi Prima,Data Analyst,4.2,Education
370,1370,Garuda Retail,Treasury Analyst,11.3,Media
371,1371,Harapan Bersama,BI Developer,7.3,Manufacturing
372,1372,Berkah Niaga,DevOps Engineer,9.5,Banking
373,1373,Fokus Sejahtera,Sales Executive,9.3,Government
374,1374,Bank Nusantara,Software Engineer,10.0,Retail
375,1375,Bank Nusantara,Operations Staff,15.1,Manufacturing
376,1376,Jaya Abadi,Account Executive,2.3,Consulting
377,1377,Andalan Media,Sales Coordinator,9.3,Retail
378,1378,Bumi Manufaktur,Customer Service Officer,6.0,Retail
379,1379,Eka Pratama,Account Executive,8.1,Retail
380,1380,Garuda Retail,Account Executive,1.2,Healthcare
381,1381,Damai Sentosa,DevOps Engineer,6.9,Technology
382,1382,Kreasi Prima,Operations Staff,2.8,Retail
383,1383,Berkah Niaga,Account Executive,2.6,Banking
384,1384,Bank Nusantara,Data Analyst,2.7,Retail
385,1385,Citra Digital,Data Analyst,4.0,Retail
386,1386,Bank Nusantara,Frontend Developer,3.8,Manufacturing
387,1387,Karya Inovasi,Backend Developer,4.8,Logistics
388,1388,Fokus Sejahtera,Data Analyst,2.4,Education
389,1389,Garuda Retail,CS Specialist,3.1,Manufacturing
390,1390,Harapan Bersama,Logistics Coordinator,12.7,Media
391,1391,Eka Pratama,UX Researcher,4.7,Healthcare
392,1392,Kreasi Prima,Sales Executive,1.6,Education
393,1393,Berkah Niaga,Customer Service Officer,3.6,Media
394,1394,University (Graduate),Research Assistant,0.3,Healthcare
395,1395,Bumi Manufaktur,DevOps Engineer,11.4,Education
396,1396,Andalan Media,Account Executive,2.9,Retail
397,1397,Inti Mandiri,Sales Executive,11.9,Banking
398,1398,Andalan Media,Sales Executive,2.2,Education
399,1399,Inti Mandiri,Junior Accountant,5.1,Consulting
400,1400,Harapan Bersama,Software Engineer,3.9,Retail
401,1401,Citra Digital,Frontend Developer,7.4,Healthcare
402,1402,University (Graduate),Research Assistant,0.0,Manufacturing
403,1403,Indo Logistik,Research Assistant,6.0,Manufacturing
404,1404,Gemilang Teknologi,Associate PM,7.1,Technology
405,1405,University (Graduate),Junior Data Scientist,3.7,Education
406,1406,Andalan Media,Backend Developer,18.0,Government
407,1407,Inti Mandiri,Sales Executive,8.8,Banking
408,1408,Kreasi Prima,Compliance Officer,10.0,Retail
409,1409,Sinergi Solusi,Brand Associate,2.9,Manufacturing
410,1410,Eka Pratama,Marketing Coordinator,15.3,Consulting
411,1411,Berkah Niaga,Finance Staff,1.1,Technology
412,1412,TechMandiri,Sales Executive,4.5,Logistics
413,1413,University (Graduate),Research Assistant,0.0,Government
414,1414,Anugerah Konsultindo,Marketing Coordinator,8.1,Technology
415,1415,Kreasi Prima,Sales Coordinator,1.8,Media
416,1416,Gemilang Teknologi,Account Executive,5.9,Manufacturing
417,1417,Bank Nusantara,Frontend Developer,2.9,Manufacturing
418,1418,Berkah Niaga,Logistics Coordinator,20.8,Retail
419,1419,Andalan Media,Junior Data Scientist,2.3,Logistics
420,1420,University (Graduate),Research Assistant,0.0,Government
421,1421,Bumi Manufaktur,Content Specialist,16.7,Logistics
422,1422,Citra Digital,Paralegal,8.1,Government
423,1423,Kreasi Prima,Account Coordinator,2.0,Healthcare
424,1424,TechMandiri,Treasury Analyst,2.9,Manufacturing
425,1425,University (Graduate),Research Assistant,0.0,Manufacturing
426,1426,University (Graduate),Research Assistant,0.0,Retail
427,1427,University (Graduate),Research Assistant,0.0,Retail
428,1428,Berkah Niaga,UX Researcher,7.3,Banking
429,1429,Anugerah Konsultindo,Recruiter,1.7,Consulting
430,1430,Fokus Sejahtera,Software Engineer,4.6,Consulting
431,1431,Indo Logistik,Junior Accountant,5.5,Media
432,1432,Gemilang Teknologi,DevOps Engineer,12.0,Government
433,1433,University (Graduate),Research Assistant,0.0,Healthcare
434,1434,Fokus Sejahtera,Treasury Analyst,8.8,Technology
435,1435,Bumi Manufaktur,Sales Executive,7.6,Technology
436,1436,Kreasi Prima,Software Engineer,7.0,Technology
437,1437,University (Graduate),DevOps Engineer,11.7,Logistics
438,1438,Bumi Manufaktur,Account Coordinator,5.9,Manufacturing
439,1439,Berkah Niaga,DevOps Engineer,7.3,Technology
440,1440,Karya Inovasi,Sales Executive,6.0,Education
441,1441,Bank Nusantara,Recruiter,10.7,Banking
442,1442,Garuda Retail,Customer Service Officer,18.0,Manufacturing
443,1443,Garuda Retail,Junior Data Scientist,5.6,Healthcare
444,1444,Sinergi Solusi,Frontend Developer,11.5,Government
445,1445,Sinergi Solusi,DevOps Engineer,21.8,Education
446,1446,Garuda Retail,Content Specialist,7.9,Consulting
447,1447,Inti Mandiri,Junior Accountant,5.7,Consulting
448,1448,Indo Logistik,Research Assistant,2.2,Consulting
449,1449,Jaya Abadi,Treasury Analyst,8.2,Consulting
450,1450,Bank Nusantara,Customer Service Officer,13.4,Manufacturing
451,1451,Eka Pratama,Junior Accountant,10.0,Banking
452,1452,Citra Digital,Operations Staff,19.1,Media
453,1453,Bumi Manufaktur,Backend Developer,4.2,Consulting
454,1454,TechMandiri,Logistics Coordinator,3.0,Education
455,1455,University (Graduate),Research Assistant,0.0,Government
456,1456,Anugerah Konsultindo,Business Analyst,3.6,Healthcare
457,1457,Inti Mandiri,Marketing Coordinator,17.9,Logistics
458,1458,Eka Pratama,Associate PM,7.4,Government
459,1459,Garuda Retail,Operations Staff,3.3,Retail
460,1460,Bank Nusantara,Associate PM,2.6,Logistics
461,1461,University (Graduate),Research Assistant,0.0,Manufacturing
462,1462,Eka Pratama,Research Assistant,8.5,Consulting
463,1463,Gemilang Teknologi,Recruiter,2.8,Retail
464,1464,Anugerah Konsultindo,Frontend Developer,6.0,Retail
465,1465,Jaya Abadi,Sales Coordinator,3.8,Retail
466,1466,Kreasi Prima,Operations Staff,14.3,Media
467,1467,Jaya Abadi,Junior Accountant,1.7,Technology
468,1468,Kreasi Prima,Compliance Officer,4.8,Manufacturing
469,1469,Bank Nusantara,Sales Executive,2.1,Consulting
470,1470,Jaya Abadi,Logistics Coordinator,21.6,Healthcare
471,1471,Eka Pratama,HR Staff,7.5,Manufacturing
472,1472,Anugerah Konsultindo,Backend Developer,12.1,Consulting
473,1473,Gemilang Teknologi,Content Specialist,11.4,Media
474,1474,Bumi Manufaktur,Account Executive,2.8,Consulting
475,1475,Gemilang Teknologi,HR Staff,2.4,Government
476,1476,University (Graduate),BI Developer,5.4,Manufacturing
477,1477,Harapan Bersama,Account Executive,2.9,Banking
478,1478,Andalan Media,Associate PM,7.7,Retail
479,1479,Kreasi Prima,Software Engineer,13.9,Education
480,1480,Andalan Media,Account Coordinator,15.3,Banking
481,1481,Karya Inovasi,Operations Staff,12.1,Consulting
482,1482,University (Graduate),Research Assistant,0.0,Banking
483,1483,Eka Pratama,CS Specialist,6.2,Retail
484,1484,Citra Digital,Account Coordinator,8.7,Retail
485,1485,Gemilang Teknologi,Data Analyst,3.9,Government
486,1486,TechMandiri,DevOps Engineer,6.1,Education
487,1487,Anugerah Konsultindo,Logistics Coordinator,4.5,Healthcare
488,1488,Kreasi Prima,Account Coordinator,13.8,Logistics
489,1489,Andalan Media,BI Developer,4.1,Healthcare
490,1490,Berkah Niaga,HR Staff,8.1,Healthcare
491,1491,Indo Logistik,Brand Associate,0.9,Banking
492,1492,Eka Pratama,Account Executive,5.0,Technology
493,1493,TechMandiri,Sales Coordinator,2.9,Technology
494,1494,Inti Mandiri,Sales Coordinator,8.7,Consulting
495,1495,Inti Mandiri,Sales Coordinator,1.7,Logistics
496,1496,Gemilang Teknologi,Finance Staff,7.6,Banking
497,1497,Bank Nusantara,Brand Associate,13.7,Education
498,1498,Fokus Sejahtera,Account Executive,3.8,Education
499,1499,Garuda Retail,Software Engineer,3.7,Manufacturing
500,1500,Sinergi Solusi,Sales Coordinator,10.9,Banking
501,1501,Indo Logistik,Marketing Coordinator,8.3,Retail
502,1502,University (Graduate),Research Assistant,0.0,Education
503,1503,Indo Logistik,Backend Developer,19.8,Retail
504,1504,Bumi Manufaktur,Junior Data Scientist,2.0,Manufacturing
505,1505,Sinergi Solusi,Account Coordinator,13.0,Government
506,1506,Bumi Manufaktur,Logistics Coordinator,23.7,Media
507,1507,University (Graduate),Research Assistant,0.4,Government
508,1508,University (Graduate),Research Assistant,0.0,Consulting
509,1509,University (Graduate),Research Assistant,0.0,Consulting
510,1510,Gemilang Teknologi,Treasury Analyst,4.5,Education
511,1511,Indo Logistik,Sales Coordinator,7.8,Media
512,1512,Bank Nusantara,Business Analyst,5.3,Education
513,1513,Sinergi Solusi,Junior Accountant,5.7,Banking
514,1514,Bumi Manufaktur,HR Assistant,3.5,Media
515,1515,Garuda Retail,Account Executive,4.0,Manufacturing
516,1516,Citra Digital,Junior Accountant,1.9,Manufacturing
517,1517,University (Graduate),Research Assistant,0.0,Government
518,1518,Harapan Bersama,Sales Coordinator,1.1,Technology
519,1519,Karya Inovasi,Account Executive,11.5,Logistics
520,1520,Karya Inovasi,Frontend Developer,5.2,Government
521,1521,Inti Mandiri,Business Analyst,2.4,Consulting
522,1522,Anugerah Konsultindo,Finance Staff,4.1,Banking
523,1523,Garuda Retail,Brand Associate,4.1,Consulting
524,1524,Bank Nusantara,Finance Staff,10.9,Banking
525,1525,Eka Pratama,Sales Executive,5.4,Logistics
526,1526,Citra Digital,Customer Service Officer,16.5,Government
527,1527,Anugerah Konsultindo,Operations Staff,12.8,Retail
528,1528,Kreasi Prima,HR Assistant,10.6,Consulting
529,1529,Anugerah Konsultindo,Marketing Coordinator,10.3,Media
530,1530,University (Graduate),Account Coordinator,2.6,Healthcare
531,1531,Garuda Retail,Content Specialist,1.0,Education
532,1532,Kreasi Prima,UX Researcher,1.4,Healthcare
533,1533,Inti Mandiri,DevOps Engineer,2.2,Banking
534,1534,Citra Digital,Frontend Developer,2.5,Healthcare
535,1535,Karya Inovasi,Sales Executive,1.4,Healthcare
536,1536,Garuda Retail,Research Assistant,9.5,Media
537,1537,Harapan Bersama,Software Engineer,12.6,Manufacturing
538,1538,Kreasi Prima,Backend Developer,9.7,Media
539,1539,Sinergi Solusi,Sales Executive,2.3,Government
540,1540,Damai Sentosa,Frontend Developer,7.3,Media
541,1541,University (Graduate),Research Assistant,0.0,Government
542,1542,Eka Pratama,Junior Accountant,5.3,Government
543,1543,University (Graduate),Data Analyst,7.8,Manufacturing
544,1544,Inti Mandiri,Junior Data Scientist,7.7,Technology
545,1545,Andalan Media,Customer Service Officer,0.5,Manufacturing
546,1546,Bank Nusantara,DevOps Engineer,18.0,Retail
547,1547,Kreasi Prima,Brand Associate,14.4,Technology
548,1548,Gemilang Teknologi,Backend Developer,11.4,Media
549,1549,Citra Digital,Backend Developer,16.9,Consulting
550,1550,Garuda Retail,DevOps Engineer,6.9,Media
551,1551,University (Graduate),Frontend Developer,10.7,Technology
552,1552,Bank Nusantara,Associate PM,11.1,Technology
553,1553,University (Graduate),Research Assistant,0.2,Technology
554,1554,University (Graduate),Research Assistant,0.0,Retail
555,1555,University (Graduate),Logistics Coordinator,18.3,Healthcare
556,1556,Kreasi Prima,Paralegal,14.7,Banking
557,1557,Berkah Niaga,DevOps Engineer,12.0,Healthcare
558,1558,Gemilang Teknologi,BI Developer,2.5,Education
559,1559,Citra Digital,Associate PM,5.8,Healthcare
560,1560,University (Graduate),Research Assistant,0.0,Media
561,1561,TechMandiri,Paralegal,13.5,Logistics
562,1562,Andalan Media,Business Analyst,2.2,Government
563,1563,Gemilang Teknologi,Marketing Coordinator,6.3,Healthcare
564,1564,Andalan Media,Account Executive,3.9,Logistics
565,1565,Jaya Abadi,Sales Coordinator,6.6,Government
566,1566,University (Graduate),Research Assistant,0.0,Manufacturing
567,1567,Bank Nusantara,BI Developer,10.1,Consulting
568,1568,Gemilang Teknologi,Sales Coordinator,5.9,Retail
569,1569,University (Graduate),Research Assistant,0.0,Government
570,1570,Kreasi Prima,Sales Coordinator,1.7,Logistics
571,1571,Inti Mandiri,Sales Executive,6.1,Education
572,1572,University (Graduate),DevOps Engineer,20.8,Retail
573,1573,Sinergi Solusi,DevOps Engineer,12.4,Education
574,1574,Karya Inovasi,Sales Coordinator,6.5,Logistics
575,1575,Fokus Sejahtera,Logistics Coordinator,1.2,Manufacturing
576,1576,Jaya Abadi,Frontend Developer,6.1,Banking
577,1577,Sinergi Solusi,CS Specialist,6.0,Healthcare
578,1578,TechMandiri,Software Engineer,6.7,Government
579,1579,Indo Logistik,Associate PM,12.1,Logistics
580,1580,Bumi Manufaktur,Account Executive,6.0,Healthcare
581,1581,Bank Nusantara,Account Executive,7.2,Manufacturing
582,1582,Citra Digital,BI Developer,12.7,Manufacturing
583,1583,Sinergi Solusi,Software Engineer,1.4,Retail
584,1584,Citra Digital,Account Executive,2.4,Retail
585,1585,TechMandiri,Customer Service Officer,2.3,Consulting
586,1586,Jaya Abadi,Sales Coordinator,1.5,Logistics
587,1587,Gemilang Teknologi,Research Assistant,3.6,Technology
588,1588,Gemilang Teknologi,Treasury Analyst,3.1,Logistics
589,1589,Andalan Media,BI Developer,2.9,Retail
590,1590,Anugerah Konsultindo,Junior Data Scientist,3.1,Healthcare
591,1591,Damai Sentosa,Backend Developer,6.7,Technology
592,1592,Kreasi Prima,Sales Executive,1.2,Healthcare
593,1593,Harapan Bersama,Sales Coordinator,1.5,Media
594,1594,Karya Inovasi,Marketing Coordinator,16.8,Media
595,1595,Harapan Bersama,Backend Developer,2.9,Consulting
596,1596,Inti Mandiri,Operations Staff,16.8,Logistics
597,1597,University (Graduate),Research Assistant,0.0,Technology
598,1598,Garuda Retail,Sales Coordinator,2.7,Government
599,1599,University (Graduate),Research Assistant,0.0,Banking
600,1600,Harapan Bersama,Sales Coordinator,6.1,Technology
601,1601,Damai Sentosa,Sales Coordinator,2.7,Government
602,1602,Citra Digital,Customer Service Officer,0.8,Consulting
603,1603,University (Graduate),Research Assistant,0.2,Education
604,1604,Eka Pratama,Account Executive,1.2,Consulting
605,1605,Fokus Sejahtera,Frontend Developer,1.6,Media
606,1606,University (Graduate),Research Assistant,0.3,Consulting
607,1607,University (Graduate),Research Assistant,0.0,Education
608,1608,University (Graduate),Research Assistant,0.0,Technology
609,1609,Fokus Sejahtera,Brand Associate,4.1,Banking
610,1610,Fokus Sejahtera,Frontend Developer,8.8,Government
611,1611,Eka Pratama,Junior Accountant,6.0,Manufacturing
612,1612,Kreasi Prima,Account Coordinator,14.2,Healthcare
613,1613,Kreasi Prima,Customer Service Officer,10.0,Media
614,1614,Gemilang Teknologi,Data Analyst,6.3,Education
615,1615,Bumi Manufaktur,Data Analyst,2.2,Healthcare
616,1616,Citra Digital,CS Specialist,7.0,Retail
617,1617,University (Graduate),Research Assistant,0.3,Healthcare
618,1618,Sinergi Solusi,Finance Staff,4.0,Media
619,1619,Jaya Abadi,Software Engineer,1.9,Technology
620,1620,University (Graduate),Research Assistant,0.0,Education
621,1621,Garuda Retail,Sales Coordinator,1.4,Government
622,1622,Anugerah Konsultindo,Logistics Coordinator,14.3,Banking
623,1623,University (Graduate),Research Assistant,0.1,Education
624,1624,University (Graduate),Data Analyst,1.2,Technology
625,1625,Kreasi Prima,Backend Developer,15.0,Technology
626,1626,Gemilang Teknologi,Sales Coordinator,8.3,Technology
627,1627,Andalan Media,Operations Staff,1.8,Retail
628,1628,TechMandiri,Customer Service Officer,5.0,Technology
629,1629,Sinergi Solusi,Account Coordinator,14.6,Logistics
630,1630,Eka Pratama,CS Specialist,4.4,Retail
631,1631,University (Graduate),Research Assistant,0.0,Media
632,1632,Citra Digital,UX Researcher,2.1,Logistics
633,1633,Inti Mandiri,Software Engineer,8.2,Retail
634,1634,Anugerah Konsultindo,Research Assistant,2.9,Technology
635,1635,Garuda Retail,Backend Developer,10.9,Manufacturing
636,1636,Bank Nusantara,Marketing Coordinator,5.4,Education
637,1637,Indo Logistik,Treasury Analyst,2.6,Banking
638,1638,Garuda Retail,HR Assistant,4.1,Technology
639,1639,Garuda Retail,BI Developer,7.6,Logistics
640,1640,Bank Nusantara,Logistics Coordinator,25.0,Logistics
641,1641,Anugerah Konsultindo,Backend Developer,18.7,Healthcare
642,1642,Sinergi Solusi,Operations Staff,14.8,Consulting
643,1643,Citra Digital,Frontend Developer,9.1,Retail
644,1644,Andalan Media,Data Analyst,3.1,Logistics
645,1645,Harapan Bersama,Data Analyst,8.1,Media
646,1646,Anugerah Konsultindo,Frontend Developer,1.0,Retail
647,1647,Citra Digital,Treasury Analyst,1.9,Media
648,1648,TechMandiri,Logistics Coordinator,3.1,Media
649,1649,Karya Inovasi,Customer Service Officer,2.6,Media
650,1650,University (Graduate),Research Assistant,0.0,Technology
651,1651,Bank Nusantara,Content Specialist,15.5,Retail
652,1652,TechMandiri,Business Analyst,7.6,Banking
653,1653,Karya Inovasi,Finance Staff,3.8,Technology
654,1654,Damai Sentosa,Frontend Developer,6.2,Manufacturing
655,1655,Harapan Bersama,Backend Developer,8.6,Technology
656,1656,Jaya Abadi,Frontend Developer,11.8,Banking
657,1657,Karya Inovasi,Junior Data Scientist,1.6,Manufacturing
658,1658,University (Graduate),Research Assistant,0.0,Government
659,1659,Eka Pratama,Frontend Developer,1.1,Consulting
660,1660,TechMandiri,Brand Associate,5.5,Retail
661,1661,Harapan Bersama,DevOps Engineer,14.3,Government
662,1662,Sinergi Solusi,BI Developer,5.6,Consulting
663,1663,Sinergi Solusi,DevOps Engineer,1.7,Logistics
664,1664,TechMandiri,Frontend Developer,4.6,Consulting
665,1665,University (Graduate),Frontend Developer,6.6,Banking
666,1666,Anugerah Konsultindo,Backend Developer,0.7,Manufacturing
667,1667,Bank Nusantara,Sales Coordinator,6.2,Retail
668,1668,Citra Digital,Business Analyst,6.1,Retail
669,1669,Jaya Abadi,Paralegal,15.3,Technology
670,1670,Harapan Bersama,Junior Accountant,10.7,Banking
671,1671,Anugerah Konsultindo,DevOps Engineer,0.8,Banking
672,1672,University (Graduate),Research Assistant,0.0,Technology
673,1673,Bank Nusantara,HR Staff,7.3,Retail
674,1674,Bank Nusantara,Sales Coordinator,5.9,Retail
675,1675,Garuda Retail,Software Engineer,3.9,Media
676,1676,Garuda Retail,Backend Developer,9.7,Government
677,1677,Damai Sentosa,DevOps Engineer,5.6,Education
678,1678,Kreasi Prima,DevOps Engineer,8.1,Logistics
679,1679,Andalan Media,Account Executive,4.8,Government
680,1680,Anugerah Konsultindo,Account Executive,5.8,Consulting
681,1681,Andalan Media,Sales Coordinator,5.1,Education
682,1682,Citra Digital,Content Specialist,6.1,Logistics
683,1683,TechMandiri,Logistics Coordinator,1.4,Logistics
684,1684,Gemilang Teknologi,Sales Executive,10.0,Logistics
685,1685,University (Graduate),Research Assistant,0.0,Manufacturing
686,1686,Harapan Bersama,Sales Coordinator,2.6,Media
687,1687,University (Graduate),Research Assistant,0.2,Retail
688,1688,Damai Sentosa,Research Assistant,5.7,Consulting
689,1689,Inti Mandiri,Sales Coordinator,4.1,Banking
690,1690,Inti Mandiri,Sales Coordinator,1.1,Government
691,1691,Jaya Abadi,Backend Developer,1.3,Retail
692,1692,Karya Inovasi,Backend Developer,11.8,Technology
693,1693,Eka Pratama,Backend Developer,18.7,Technology
694,1694,Harapan Bersama,Backend Developer,4.4,Education
695,1695,University (Graduate),Research Assistant,0.0,Retail
696,1696,Andalan Media,HR Assistant,3.5,Banking
697,1697,Harapan Bersama,Brand Associate,20.7,Logistics
698,1698,Andalan Media,Operations Staff,0.8,Education
699,1699,Anugerah Konsultindo,Frontend Developer,4.8,Retail
700,1700,Jaya Abadi,Brand Associate,4.6,Government
701,1701,Damai Sentosa,Research Assistant,6.5,Consulting
702,1702,Andalan Media,Software Engineer,6.8,Media
703,1703,Indo Logistik,Treasury Analyst,3.7,Banking
704,1704,Harapan Bersama,Logistics Coordinator,7.6,Healthcare
705,1705,Fokus Sejahtera,HR Staff,1.3,Education
706,1706,University (Graduate),Research Assistant,0.0,Technology
707,1707,Inti Mandiri,Frontend Developer,4.5,Logistics
708,1708,Karya Inovasi,Business Analyst,5.2,Government
709,1709,University (Graduate),Research Assistant,0.0,Media
710,1710,Berkah Niaga,Brand Associate,9.1,Healthcare
711,1711,Gemilang Teknologi,Associate PM,5.3,Banking
712,1712,Bumi Manufaktur,Operations Staff,1.4,Retail
713,1713,Gemilang Teknologi,Software Engineer,2.8,Government
714,1714,Citra Digital,Account Executive,4.0,Logistics
715,1715,University (Graduate),Research Assistant,0.3,Retail
716,1716,University (Graduate),Research Assistant,0.0,Manufacturing
717,1717,Eka Pratama,Account Coordinator,1.7,Healthcare
718,1718,Kreasi Prima,Software Engineer,4.4,Healthcare
719,1719,University (Graduate),Research Assistant,0.0,Consulting
720,1720,Sinergi Solusi,Backend Developer,10.1,Technology
721,1721,Gemilang Teknologi,Account Executive,4.8,Media
722,1722,Bank Nusantara,Associate PM,2.4,Government
723,1723,University (Graduate),Research Assistant,0.0,Education
724,1724,Bank Nusantara,Account Executive,4.5,Consulting
725,1725,Kreasi Prima,Associate PM,13.0,Retail
726,1726,Garuda Retail,Content Specialist,2.2,Consulting
727,1727,Damai Sentosa,Sales Executive,7.2,Technology
728,1728,Eka Pratama,UX Researcher,7.0,Retail
729,1729,Karya Inovasi,CS Specialist,11.1,Logistics
730,1730,Jaya Abadi,DevOps Engineer,7.9,Logistics
731,1731,TechMandiri,Account Executive,14.4,Banking
732,1732,Sinergi Solusi,BI Developer,6.8,Manufacturing
733,1733,Citra Digital,HR Assistant,1.7,Manufacturing
734,1734,Fokus Sejahtera,Account Executive,6.3,Logistics
735,1735,Harapan Bersama,Sales Executive,3.8,Banking
736,1736,TechMandiri,Software Engineer,10.2,Manufacturing
737,1737,Berkah Niaga,Account Coordinator,2.5,Manufacturing
738,1738,Sinergi Solusi,Operations Staff,15.4,Education
739,1739,Karya Inovasi,Sales Executive,1.9,Government
740,1740,University (Graduate),Research Assistant,0.1,Retail
741,1741,Fokus Sejahtera,Sales Executive,6.5,Logistics
742,1742,Citra Digital,Backend Developer,4.9,Consulting
743,1743,Indo Logistik,Junior Data Scientist,1.9,Retail
744,1744,Bumi Manufaktur,Frontend Developer,5.0,Healthcare
745,1745,University (Graduate),Customer Service Officer,0.7,Retail
746,1746,TechMandiri,Data Analyst,4.2,Logistics
747,1747,Damai Sentosa,Associate PM,9.4,Logistics
748,1748,Bank Nusantara,Data Analyst,7.1,Healthcare
749,1749,Jaya Abadi,Sales Executive,2.1,Healthcare
750,1750,Berkah Niaga,Frontend Developer,10.0,Consulting
751,1751,Berkah Niaga,DevOps Engineer,16.1,Banking
752,1752,Inti Mandiri,Account Executive,4.8,Technology
753,1753,Harapan Bersama,Junior Accountant,7.4,Technology
754,1754,Inti Mandiri,Research Assistant,0.7,Technology
755,1755,Kreasi Prima,Data Analyst,11.4,Government
756,1756,Anugerah Konsultindo,Brand Associate,7.8,Logistics
757,1757,Sinergi Solusi,Backend Developer,3.0,Manufacturing
758,1758,Berkah Niaga,Associate PM,7.0,Government
759,1759,University (Graduate),Finance Staff,2.4,Consulting
760,1760,TechMandiri,Frontend Developer,15.8,Government
761,1761,Sinergi Solusi,BI Developer,10.8,Consulting
762,1762,Andalan Media,Account Executive,11.4,Healthcare
763,1763,Sinergi Solusi,Junior Accountant,3.8,Healthcare
764,1764,Inti Mandiri,BI Developer,3.6,Government
765,1765,Jaya Abadi,Frontend Developer,23.1,Government
766,1766,Bank Nusantara,Account Executive,2.6,Healthcare
767,1767,Berkah Niaga,Treasury Analyst,2.1,Manufacturing
768,1768,Berkah Niaga,Logistics Coordinator,18.7,Logistics
769,1769,Bumi Manufaktur,Sales Executive,2.4,Retail
770,1770,Garuda Retail,Software Engineer,8.5,Media
771,1771,Bumi Manufaktur,CS Specialist,12.5,Technology
772,1772,Harapan Bersama,Content Specialist,8.2,Technology
773,1773,University (Graduate),Operations Staff,4.0,Education
774,1774,Inti Mandiri,Sales Coordinator,0.8,Banking
775,1775,Kreasi Prima,Frontend Developer,6.0,Education
776,1776,Andalan Media,Sales Executive,6.6,Logistics
777,1777,Kreasi Prima,Backend Developer,13.7,Healthcare
778,1778,Karya Inovasi,DevOps Engineer,15.8,Technology
779,1779,TechMandiri,Sales Executive,5.7,Logistics
780,1780,TechMandiri,Account Executive,7.4,Government
781,1781,Anugerah Konsultindo,DevOps Engineer,3.9,Government
782,1782,TechMandiri,Frontend Developer,16.0,Logistics
783,1783,Fokus Sejahtera,BI Developer,7.2,Banking
784,1784,Garuda Retail,Operations Staff,3.5,Logistics
785,1785,Sinergi Solusi,CS Specialist,13.8,Retail
786,1786,Indo Logistik,Account Executive,4.7,Manufacturing
787,1787,Bumi Manufaktur,Marketing Coordinator,18.8,Government
788,1788,University (Graduate),Backend Developer,11.3,Retail
789,1789,Sinergi Solusi,Sales Coordinator,6.1,Healthcare
790,1790,Kreasi Prima,Account Coordinator,9.5,Banking
791,1791,Eka Pratama,Sales Executive,5.3,Logistics
792,1792,Bumi Manufaktur,Paralegal,11.5,Government
793,1793,Gemilang Teknologi,Sales Executive,2.2,Education
794,1794,Eka Pratama,UX Researcher,9.0,Manufacturing
795,1795,Karya Inovasi,Content Specialist,2.1,Consulting
796,1796,University (Graduate),Research Assistant,0.0,Healthcare
797,1797,Bank Nusantara,Software Engineer,20.4,Manufacturing
798,1798,University (Graduate),Research Assistant,0.0,Technology
799,1799,Bumi Manufaktur,Content Specialist,4.8,Education
800,1800,Andalan Media,Data Analyst,11.1,Healthcare
801,1801,Garuda Retail,DevOps Engineer,2.8,Government
802,1802,Sinergi Solusi,Frontend Developer,7.2,Manufacturing
803,1803,Bank Nusantara,Sales Executive,4.6,Government
804,1804,Gemilang Teknologi,Sales Coordinator,5.5,Retail
805,1805,Bumi Manufaktur,Logistics Coordinator,2.4,Consulting
806,1806,Kreasi Prima,Account Executive,6.6,Retail
807,1807,Jaya Abadi,Brand Associate,13.5,Government
808,1808,University (Graduate),Research Assistant,0.0,Retail
809,1809,Berkah Niaga,Customer Service Officer,12.8,Retail
810,1810,Gemilang Teknologi,HR Assistant,4.0,Retail
811,1811,Eka Pratama,Backend Developer,0.6,Healthcare
812,1812,Anugerah Konsultindo,DevOps Engineer,6.8,Banking
813,1813,Bank Nusantara,Marketing Coordinator,13.4,Healthcare
814,1814,Berkah Niaga,UX Researcher,7.4,Banking
815,1815,Harapan Bersama,Associate PM,3.4,Technology
816,1816,University (Graduate),Account Executive,0.9,Manufacturing
817,1817,University (Graduate),Research Assistant,0.0,Logistics
818,1818,Inti Mandiri,BI Developer,5.1,Manufacturing
819,1819,Bank Nusantara,Marketing Coordinator,2.7,Consulting
820,1820,Berkah Niaga,Logistics Coordinator,19.4,Government
821,1821,Bank Nusantara,Account Executive,11.3,Education
822,1822,Garuda Retail,Junior Data Scientist,3.7,Logistics
823,1823,Gemilang Teknologi,Sales Coordinator,1.2,Healthcare
824,1824,Bank Nusantara,Business Analyst,1.2,Retail
825,1825,Kreasi Prima,Operations Staff,4.9,Banking
826,1826,Fokus Sejahtera,Logistics Coordinator,3.6,Media
827,1827,University (Graduate),Research Assistant,0.0,Media
828,1828,Sinergi Solusi,Associate PM,2.7,Retail
829,1829,TechMandiri,Finance Staff,7.4,Media
830,1830,Damai Sentosa,Business Analyst,15.1,Retail
831,1831,Garuda Retail,Frontend Developer,0.9,Retail
832,1832,Bumi Manufaktur,Backend Developer,11.8,Retail
833,1833,Fokus Sejahtera,Customer Service Officer,8.8,Education
834,1834,Bumi Manufaktur,HR Assistant,10.9,Manufacturing
835,1835,Bank Nusantara,BI Developer,2.5,Media
836,1836,Bumi Manufaktur,Account Executive,3.6,Technology
837,1837,University (Graduate),Research Assistant,0.0,Retail
838,1838,TechMandiri,Sales Coordinator,5.5,Manufacturing
839,1839,Inti Mandiri,Treasury Analyst,6.0,Logistics
840,1840,Bank Nusantara,Operations Staff,13.2,Retail
841,1841,Bumi Manufaktur,Account Executive,2.8,Media
842,1842,Anugerah Konsultindo,Finance Staff,5.6,Retail
843,1843,University (Graduate),Marketing Coordinator,9.8,Government
844,1844,Berkah Niaga,HR Assistant,3.6,Consulting
845,1845,Gemilang Teknologi,Software Engineer,17.2,Logistics
846,1846,Eka Pratama,BI Developer,5.6,Technology
847,1847,Kreasi Prima,Associate PM,6.2,Logistics
848,1848,Gemilang Teknologi,UX Researcher,5.4,Consulting
849,1849,Andalan Media,Backend Developer,16.0,Government
850,1850,TechMandiri,Account Executive,3.9,Education
851,1851,Harapan Bersama,Brand Associate,13.9,Technology
852,1852,Citra Digital,Software Engineer,10.7,Banking
853,1853,Citra Digital,Junior Accountant,7.8,Logistics
854,1854,Garuda Retail,Backend Developer,9.9,Banking
855,1855,Harapan Bersama,Sales Executive,4.1,Manufacturing
856,1856,Eka Pratama,Logistics Coordinator,11.3,Education
857,1857,Kreasi Prima,Treasury Analyst,2.7,Media
858,1858,Anugerah Konsultindo,Sales Executive,1.0,Technology
859,1859,Jaya Abadi,Operations Staff,8.3,Healthcare
860,1860,Anugerah Konsultindo,Brand Associate,10.4,Government
861,1861,Garuda Retail,Sales Coordinator,3.0,Education
862,1862,Berkah Niaga,Frontend Developer,5.4,Education
863,1863,University (Graduate),Research Assistant,0.0,Technology
864,1864,Inti Mandiri,HR Assistant,7.7,Manufacturing
865,1865,Andalan Media,Logistics Coordinator,14.1,Retail
866,1866,Jaya Abadi,Sales Executive,2.0,Technology
867,1867,Bank Nusantara,Operations Staff,4.0,Healthcare
868,1868,Inti Mandiri,Associate PM,3.1,Government
869,1869,TechMandiri,Frontend Developer,6.9,Media
870,1870,Inti Mandiri,Junior Accountant,10.1,Consulting
871,1871,Bumi Manufaktur,Backend Developer,0.7,Retail
872,1872,Citra Digital,DevOps Engineer,8.1,Consulting
873,1873,Bumi Manufaktur,Associate PM,6.9,Government
874,1874,Gemilang Teknologi,Recruiter,2.8,Healthcare
875,1875,Citra Digital,HR Staff,0.7,Consulting
876,1876,Berkah Niaga,Junior Data Scientist,4.0,Logistics
877,1877,Andalan Media,BI Developer,3.1,Government
878,1878,Berkah Niaga,DevOps Engineer,3.4,Manufacturing
879,1879,University (Graduate),Research Assistant,0.0,Manufacturing
880,1880,Citra Digital,Brand Associate,11.5,Education
881,1881,University (Graduate),Research Assistant,0.0,Technology
882,1882,Gemilang Teknologi,Sales Coordinator,0.9,Education
883,1883,Sinergi Solusi,Customer Service Officer,1.5,Government
884,1884,University (Graduate),Software Engineer,5.4,Retail
885,1885,University (Graduate),Backend Developer,9.4,Banking
886,1886,Sinergi Solusi,Logistics Coordinator,10.8,Technology
887,1887,University (Graduate),UX Researcher,4.0,Retail
888,1888,Inti Mandiri,DevOps Engineer,7.9,Technology
889,1889,Eka Pratama,Customer Service Officer,6.9,Technology
890,1890,University (Graduate),Operations Staff,3.2,Media
891,1891,Anugerah Konsultindo,Marketing Coordinator,16.5,Healthcare
892,1892,TechMandiri,DevOps Engineer,7.3,Government
893,1893,Gemilang Teknologi,DevOps Engineer,3.7,Logistics
894,1894,University (Graduate),Finance Staff,10.2,Healthcare
895,1895,Gemilang Teknologi,Recruiter,3.9,Consulting
896,1896,Bumi Manufaktur,Finance Staff,13.1,Banking
897,1897,Berkah Niaga,DevOps Engineer,4.7,Retail
898,1898,University (Graduate),Research Assistant,0.0,Technology
899,1899,Karya Inovasi,Treasury Analyst,3.6,Consulting
900,1900,Bank Nusantara,Content Specialist,11.4,Education
901,1901,Indo Logistik,Sales Coordinator,7.8,Consulting
902,1902,Garuda Retail,Account Coordinator,3.8,Healthcare
903,1903,Bank Nusantara,Software Engineer,2.9,Healthcare
904,1904,Inti Mandiri,Software Engineer,9.4,Logistics
905,1905,Berkah Niaga,Backend Developer,1.5,Logistics
906,1906,Andalan Media,Account Executive,4.4,Technology
907,1907,Karya Inovasi,Customer Service Officer,11.0,Technology
908,1908,Andalan Media,Marketing Coordinator,1.2,Media
909,1909,Inti Mandiri,Research Assistant,14.3,Education
910,1910,Bank Nusantara,Research Assistant,9.2,Government
911,1911,University (Graduate),Research Assistant,0.2,Technology
912,1912,Inti Mandiri,Sales Coordinator,2.0,Consulting
913,1913,University (Graduate),Research Assistant,0.0,Consulting
914,1914,Eka Pratama,Frontend Developer,1.2,Government
915,1915,Sinergi Solusi,Business Analyst,3.8,Manufacturing
916,1916,University (Graduate),Research Assistant,0.0,Healthcare
917,1917,Gemilang Teknologi,BI Developer,1.5,Government
918,1918,Bank Nusantara,Software Engineer,11.2,Banking
919,1919,Bank Nusantara,Frontend Developer,8.4,Manufacturing
920,1920,Citra Digital,DevOps Engineer,13.4,Education
921,1921,Gemilang Teknologi,Software Engineer,16.0,Consulting
922,1922,University (Graduate),Research Assistant,0.0,Logistics
923,1923,Karya Inovasi,Account Executive,4.0,Education
924,1924,University (Graduate),Research Assistant,0.0,Logistics
925,1925,University (Graduate),Research Assistant,0.0,Retail
926,1926,Andalan Media,BI Developer,3.0,Logistics
927,1927,University (Graduate),Sales Executive,5.0,Technology
928,1928,Fokus Sejahtera,Research Assistant,2.3,Retail
929,1929,Garuda Retail,DevOps Engineer,12.1,Retail
930,1930,Eka Pratama,Brand Associate,2.4,Consulting
931,1931,Inti Mandiri,Sales Coordinator,3.5,Manufacturing
932,1932,Berkah Niaga,Customer Service Officer,2.0,Banking
933,1933,Eka Pratama,BI Developer,11.3,Manufacturing
934,1934,University (Graduate),Research Assistant,0.0,Media
935,1935,Karya Inovasi,DevOps Engineer,13.0,Education
936,1936,Karya Inovasi,Customer Service Officer,6.3,Education
937,1937,Jaya Abadi,Marketing Coordinator,18.3,Education
938,1938,Jaya Abadi,Sales Executive,14.0,Media
939,1939,Bumi Manufaktur,Junior Data Scientist,2.2,Education
940,1940,TechMandiri,Frontend Developer,11.3,Banking
941,1941,Citra Digital,Junior Accountant,7.6,Manufacturing
942,1942,Harapan Bersama,Brand Associate,11.8,Media
943,1943,University (Graduate),Research Assistant,0.0,Logistics
944,1944,Indo Logistik,Brand Associate,2.0,Media
945,1945,Berkah Niaga,HR Assistant,5.7,Media
946,1946,Inti Mandiri,Associate PM,1.5,Logistics
947,1947,Berkah Niaga,Sales Coordinator,2.8,Logistics
948,1948,TechMandiri,DevOps Engineer,5.7,Banking
949,1949,TechMandiri,CS Specialist,4.8,Manufacturing
950,1950,University (Graduate),Research Assistant,0.0,Retail
951,1951,Gemilang Teknologi,Customer Service Officer,7.3,Retail
952,1952,Karya Inovasi,Content Specialist,13.1,Education
953,1953,Garuda Retail,Associate PM,6.3,Technology
954,1954,Damai Sentosa,Account Executive,5.2,Logistics
955,1955,University (Graduate),Research Assistant,0.0,Logistics
956,1956,Bank Nusantara,UX Researcher,1.3,Consulting
957,1957,Bumi Manufaktur,Junior Data Scientist,1.5,Logistics
958,1958,Fokus Sejahtera,HR Assistant,3.7,Media
959,1959,Sinergi Solusi,DevOps Engineer,12.3,Government
960,1960,Sinergi Solusi,Business Analyst,4.6,Healthcare
961,1961,Eka Pratama,Software Engineer,3.6,Retail
962,1962,TechMandiri,Account Executive,8.9,Manufacturing
963,1963,University (Graduate),Research Assistant,0.1,Logistics
964,1964,Gemilang Teknologi,Brand Associate,1.8,Education
965,1965,University (Graduate),Research Assistant,0.0,Manufacturing
966,1966,TechMandiri,DevOps Engineer,9.7,Government
967,1967,Bank Nusantara,UX Researcher,1.7,Government
968,1968,Anugerah Konsultindo,Associate PM,21.1,Manufacturing
969,1969,Eka Pratama,Junior Data Scientist,2.0,Retail
970,1970,University (Graduate),DevOps Engineer,2.0,Healthcare
971,1971,Andalan Media,Logistics Coordinator,15.2,Retail
972,1972,Inti Mandiri,Sales Executive,2.9,Education
973,1973,Gemilang Teknologi,Treasury Analyst,3.3,Consulting
974,1974,Inti Mandiri,Customer Service Officer,2.9,Government
975,1975,Garuda Retail,Backend Developer,1.3,Logistics
976,1976,Indo Logistik,Research Assistant,5.3,Consulting
977,1977,Anugerah Konsultindo,Logistics Coordinator,5.4,Banking
978,1978,Garuda Retail,BI Developer,7.4,Government
979,1979,Berkah Niaga,Software Engineer,2.3,Education
980,1980,Indo Logistik,Data Analyst,4.5,Banking
981,1981,Jaya Abadi,Associate PM,4.7,Media
982,1982,Gemilang Teknologi,HR Staff,2.7,Media
983,1983,University (Graduate),Research Assistant,0.0,Consulting
984,1984,Bumi Manufaktur,DevOps Engineer,5.0,Media
985,1985,Berkah Niaga,Account Executive,2.7,Healthcare
986,1986,Jaya Abadi,DevOps Engineer,3.7,Consulting
987,1987,Bumi Manufaktur,Sales Executive,1.2,Technology
988,1988,Bank Nusantara,Associate PM,4.7,Manufacturing
989,1989,Bank Nusantara,Backend Developer,6.4,Education
990,1990,Gemilang Teknologi,Content Specialist,0.8,Media
991,1991,Damai Sentosa,HR Assistant,9.5,Banking
992,1992,Damai Sentosa,DevOps Engineer,8.2,Education
993,1993,Sinergi Solusi,BI Developer,2.9,Logistics
994,1994,Anugerah Konsultindo,Sales Executive,0.8,Logistics
995,1995,Bumi Manufaktur,Account Executive,3.0,Media
996,1996,Andalan Media,Software Engineer,3.3,Technology
997,1997,Fokus Sejahtera,Backend Developer,6.5,Manufacturing
998,1998,Jaya Abadi,DevOps Engineer,9.4,Education
999,1999,Bumi Manufaktur,Associate PM,12.5,Retail
1000,2000,Citra Digital,Logistics Coordinator,17.1,Government
